"addinfo.input_count","addinfo.invocations","addinfo.output_count",author,cached,canSummarize,cursorTime,defaultSaveTTL,defaultTTL,delegate,diskUsage,"dispatch.createdSearchResultInfrastructure.duration_secs","dispatch.createdSearchResultInfrastructure.invocations","dispatch.evaluate.export.invocations","dispatch.evaluate.search.duration_secs","dispatch.evaluate.search.invocations","dispatch.evaluate.stats.invocations","dispatch.fetch.rcp.phase_0.duration_secs","dispatch.fetch.rcp.phase_0.invocations","dispatch.finalWriteToDisk.invocations","dispatch.localSearch.duration_secs","dispatch.localSearch.invocations","dispatch.preview.duration.duration_secs","dispatch.preview.duration.invocations","dispatch.preview.snapshot.duration_secs","dispatch.preview.snapshot.invocations","dispatch.preview.write_results_to_disk.invocations","dispatch.stream.local.duration_secs","dispatch.stream.local.invocations","dispatch.writeStatus.duration_secs","dispatch.writeStatus.invocations",dispatchState,doneProgress,dropCount,earliestTime,eventAvailableCount,eventCount,eventFieldCount,eventIsStreaming,eventIsTruncated,eventSearch,eventSorting,"fields.input_count","fields.invocations","fields.output_count",id,"io_limit",isBatchModeSearch,isDone,isEventsPreviewEnabled,isFailed,isFinalized,isGoodSummarizationCandidate,isPaused,isPreviewEnabled,isRealTimeSearch,isRemoteTimeline,isSaved,isSavedSearch,isTimeCursored,isZombie,"is_prjob",keywords,label,latestTime,meanPreviewPeriod,"messages.info","noop.input_count","noop.invocations","noop.output_count",normalizedSearch,numPreviews,optimizedSearch,phase0,phase1,pid,"prestats.input_count","prestats.invocations","prestats.output_count",priority,provenance,published,reduceSearch,remoteSearch,reportSearch,"request_search",resultCount,resultIsStreaming,resultPreviewCount,runDuration,"runtime.auto_cancel","runtime.auto_pause",sampleRatio,sampleSeed,scanCount,search,"search.calcfields.input_count","search.calcfields.invocations","search.calcfields.output_count","search.duration_secs","search.evalfilter.input_count","search.evalfilter.invocations","search.evalfilter.output_count","search.expand_search.calcfield.invocations","search.expand_search.duration_secs","search.expand_search.fieldaliaser.invocations","search.expand_search.indexed_fields.invocations","search.expand_search.invocations","search.expand_search.kv.invocations","search.expand_search.lookup.invocations","search.expand_search.sourcetype.invocations","search.fieldalias.input_count","search.fieldalias.invocations","search.fieldalias.output_count","search.filter.duration_secs","search.filter.input_count","search.filter.invocations","search.filter.output_count","search.index.bucketcache.hit.invocations","search.index.bucketcache.miss.duration_secs","search.index.bucketcache.miss.invocations","search.index.duration_secs","search.index.invocations","search.index.usec_1_8.invocations","search.index.usec_64_512.invocations","search.input_count","search.invocations","search.kv.duration_secs","search.kv.invocations","search.lookups.input_count","search.lookups.invocations","search.lookups.output_count","search.output_count","search.parse_directives.invocations","search.rawdata.bucketcache.miss.duration_secs","search.rawdata.bucketcache.miss.invocations","search.rawdata.duration_secs","search.rawdata.invocations","search.summary.invocations","search.tags.input_count","search.tags.invocations","search.tags.output_count","search.track_sourcetypes.invocations","search.typer.input_count","search.typer.invocations","search.typer.output_count",searchCanBeEventType,searchEarliestTime,searchLatestTime,searchProviders,searchTotalBucketsCount,searchTotalEliminatedBucketsCount,"search_name",sid,"splunk_server","startup.configuration.duration_secs","startup.configuration.invocations","startup.handoff.duration_secs","startup.handoff.invocations","stats.execute_input.input_count","stats.execute_input.invocations","stats.execute_input.output_count","stats.execute_output.input_count","stats.execute_output.invocations","stats.execute_output.output_count","stats.input_count","stats.invocations","stats.output_count",statusBuckets,title,ttl,updated
1,2,1,"jmeter-test",uncached,1,"1970-01-01T00:00:00.000+00:00",604800,86400,"",114688,"0.002",1,2,"0.049",2,2,"9.682",3,1,"9.445",1,"0.002",1,"0.002",1,1,"9.445",2,"0.01",13,DONE,"1.00000",0,"2023-01-10T06:00:00.000+00:00",0,1,0,1,0,"search (earliest=""01/10/2023:06:00:00"" index=test_high_cardinality_compressed1 latest=""01/12/2023:22:00:00"" ""zefuirusu"")",none,1,2,1,"https://127.0.0.1:8089/services/search/jobs/1693145225.1168",400M,1,1,0,0,0,1,0,1,0,0,0,0,1,0,0,"earliest::01/10/2023:06:00:00 index::test_high_cardinality_compressed1 latest::01/12/2023:22:00:00 zefuirusu","","2023-01-12T22:00:00.000+00:00","9.919","Your timerange was substituted based on your search string",0,1,0,"litsearch (index=test_high_cardinality_compressed1 earliest=""01/10/2023:06:00:00"" latest=""01/12/2023:22:00:00"" ""zefuirusu"") | addinfo type=count label=prereport_events | fields keepcolorder=t ""prestats_reserved_*"" ""psrsvd_*"" | prestats count",1,"| search (earliest=""01/10/2023:06:00:00"" index=test_high_cardinality_compressed1 latest=""01/12/2023:22:00:00"" ""zefuirusu"") | stats count | export add_timestamp=f add_offset=t format=csv segmentation=raw","litsearch (index=test_high_cardinality_compressed1 ""zefuirusu"" _time>=1673330400.000 _time<1673560800.000) | addinfo  type=count label=prereport_events track_fieldmeta_events=true | fields  keepcolorder=t ""prestats_reserved_*"" ""psrsvd_*"" | prestats  count","stats  count  | export  add_timestamp=f add_offset=t format=csv segmentation=raw | noop ",52908,1,2,1,5,"","2023-08-27T14:07:05.000+00:00","sistats count","litsearch (index=test_high_cardinality_compressed1 ""zefuirusu"" _time>=1673330400.000 _time<1673560800.000) | addinfo  type=count label=prereport_events track_fieldmeta_events=true | fields  keepcolorder=t ""prestats_reserved_*"" ""psrsvd_*"" | prestats  count","stats  count | export  add_timestamp=f add_offset=t format=csv segmentation=raw","search index=test_high_cardinality_compressed1 earliest=""01/10/2023:06:00:00"" latest=""01/12/2023:22:00:00"" ""zefuirusu"" | stats count",1,0,1,"9.926",0,0,1,0,1,"search index=test_high_cardinality_compressed1 earliest=""01/10/2023:06:00:00"" latest=""01/12/2023:22:00:00"" ""zefuirusu"" | stats count | export add_timestamp=f add_offset=t format=csv segmentation=raw",1,1,1,"9.444",1,1,1,2,"0.016",2,2,2,2,2,2,1,1,1,"0.001",1,1,1,40,"7.098",3,"7.102",43,42,1,0,2,"0.018",1,1,1,1,1,2,"2.238",1,"0.041",1,2,1,1,1,2,1,1,1,0,"1673330400.000000000","1673560800.000000000","ip-172-31-15-178.ec2.internal",43,42,"rare-exact","1693145225.1168","ip-172-31-15-178.ec2.internal","0.156",2,"0.3",2,1,3,0,0,1,1,1,4,1,0,"search index=test_high_cardinality_compressed1 earliest=""01/10/2023:06:00:00"" latest=""01/12/2023:22:00:00"" ""zefuirusu"" | stats count | export add_timestamp=f add_offset=t format=csv segmentation=raw",60,"2023-08-27T14:07:16.546+00:00"
,,,"jmeter-test",uncached,0,"1970-01-01T00:00:00.000+00:00",604800,86400,"",200704,"0.006",1,2,,,,"48.626",89,1,"44.855",1,"0.445",13,"0.46",13,13,"44.85",86,"0.048",65,DONE,"1.00000",0,"2023-01-10T06:00:00.000+00:00",0,16756,0,1,0,"",none,,,,"https://127.0.0.1:8089/services/search/jobs/1693145225.1167",400M,1,1,0,0,0,,0,1,0,0,0,0,0,0,0,"","","2023-01-12T22:00:00.000+00:00","3.7733076923076925","Your timerange was substituted based on your 'where' clause",0,1,0,"tstats prestats=t local=f summariesonly=t allow_old_summaries=f chunk_size=1000000000 count where index=test_high_cardinality_compressed1 AND display_login=""Ze*"" earliest=""01/10/2023:06:00:00"" latest=""01/12/2023:22:00:00"" groupby _time display_login span=2880s",13," | tstats summariesonly=true allow_old_summaries=false chunk_size=1000000000 count WHERE (index=test_high_cardinality_compressed1 display_login=""Ze*"" _time>=1673330400.000 _time<1673560800.000) BY _time span=2880s, display_login | timechart limit=100 span=2880s count BY display_login usenull=false | export add_timestamp=f add_offset=t format=csv segmentation=raw","tstats  prestats=t local=f summariesonly=t allow_old_summaries=f chunk_size=1000000000 count where (index=test_high_cardinality_compressed1 display_login=""Ze*"" _time>=1673330400.000 _time<1673560800.000) groupby _time display_login span=2880s","tstats  summariesonly=true allow_old_summaries=false chunk_size=1000000000 count WHERE (index=test_high_cardinality_compressed1 display_login=""Ze*"" _time>=1673330400.000 _time<1673560800.000) BY _time span=2880s, display_login  | timechart  limit=100 span=2880s count BY display_login usenull=false  | export  add_timestamp=f add_offset=t format=csv segmentation=raw | noop ",52911,,,,5,"","2023-08-27T14:07:05.000+00:00","sistats count by _time display_login","tstats  prestats=t local=f summariesonly=t allow_old_summaries=f chunk_size=1000000000 count where (index=test_high_cardinality_compressed1 display_login=""Ze*"" _time>=1673330400.000 _time<1673560800.000) groupby _time display_login span=2880s","tstats  summariesonly=true allow_old_summaries=false chunk_size=1000000000 count WHERE (index=test_high_cardinality_compressed1 display_login=""Ze*"" _time>=1673330400.000 _time<1673560800.000) BY _time span=2880s, display_login | timechart  limit=100 span=2880s count BY display_login usenull=false | export  add_timestamp=f add_offset=t format=csv segmentation=raw","| tstats summariesonly=t chunk_size=1000000000 count WHERE index=test_high_cardinality_compressed1 AND display_login=""Ze*"" earliest=""01/10/2023:06:00:00"" latest=""01/12/2023:22:00:00""  BY _time span=2880s, display_login | timechart limit=100 span=2880s count BY display_login usenull=false",81,0,81,"49.245000000000005",0,0,1,0,16756,"| tstats summariesonly=t chunk_size=1000000000 count WHERE index=test_high_cardinality_compressed1 AND display_login=""Ze*"" earliest=""01/10/2023:06:00:00"" latest=""01/12/2023:22:00:00""  BY _time span=2880s, display_login | timechart limit=100 span=2880s count BY display_login usenull=false | export add_timestamp=f add_offset=t format=csv segmentation=raw",,,,,,,,,,,,,,,,,,,,,,,29,"9.352",14,,,,,,,,,,,,,,,,,,,,,,,,,,0,"1673330400.000000000","1673560800.000000000","ip-172-31-15-178.ec2.internal",0,0,tstats1,"1693145225.1167","ip-172-31-15-178.ec2.internal","0.155",2,"0.292",2,,,,,,,,,,0,"| tstats summariesonly=t chunk_size=1000000000 count WHERE index=test_high_cardinality_compressed1 AND display_login=""Ze*"" earliest=""01/10/2023:06:00:00"" latest=""01/12/2023:22:00:00""  BY _time span=2880s, display_login | timechart limit=100 span=2880s count BY display_login usenull=false | export add_timestamp=f add_offset=t format=csv segmentation=raw",60,"2023-08-27T14:07:55.256+00:00"
,,,"jmeter-test",uncached,0,"1970-01-01T00:00:00.000+00:00",604800,86400,"",200704,"0.002",1,2,,,,"48.086",89,1,"44.899",1,"0.99",13,"1.003",13,13,"44.894",86,"0.046",65,DONE,"1.00000",0,"2023-01-10T06:00:00.000+00:00",0,42349,0,1,0,"",none,,,,"https://127.0.0.1:8089/services/search/jobs/1693145225.1166",400M,1,1,0,0,0,,0,1,0,0,0,0,0,0,0,"","","2023-01-12T22:00:00.000+00:00","3.7807692307692307","Your timerange was substituted based on your 'where' clause",0,1,0,"tstats prestats=t local=f summariesonly=t allow_old_summaries=f chunk_size=1000000000 count where index=test_high_cardinality_compressed1 AND display_login=""Ab*"" earliest=""01/10/2023:06:00:00"" latest=""01/12/2023:22:00:00"" groupby _time display_login span=2880s",13," | tstats summariesonly=true allow_old_summaries=false chunk_size=1000000000 count WHERE (index=test_high_cardinality_compressed1 display_login=""Ab*"" _time>=1673330400.000 _time<1673560800.000) BY _time span=2880s, display_login | timechart limit=100 span=2880s count BY display_login usenull=false | export add_timestamp=f add_offset=t format=csv segmentation=raw","tstats  prestats=t local=f summariesonly=t allow_old_summaries=f chunk_size=1000000000 count where (index=test_high_cardinality_compressed1 display_login=""Ab*"" _time>=1673330400.000 _time<1673560800.000) groupby _time display_login span=2880s","tstats  summariesonly=true allow_old_summaries=false chunk_size=1000000000 count WHERE (index=test_high_cardinality_compressed1 display_login=""Ab*"" _time>=1673330400.000 _time<1673560800.000) BY _time span=2880s, display_login  | timechart  limit=100 span=2880s count BY display_login usenull=false  | export  add_timestamp=f add_offset=t format=csv segmentation=raw | noop ",52906,,,,5,"","2023-08-27T14:07:05.000+00:00","sistats count by _time display_login","tstats  prestats=t local=f summariesonly=t allow_old_summaries=f chunk_size=1000000000 count where (index=test_high_cardinality_compressed1 display_login=""Ab*"" _time>=1673330400.000 _time<1673560800.000) groupby _time display_login span=2880s","tstats  summariesonly=true allow_old_summaries=false chunk_size=1000000000 count WHERE (index=test_high_cardinality_compressed1 display_login=""Ab*"" _time>=1673330400.000 _time<1673560800.000) BY _time span=2880s, display_login | timechart  limit=100 span=2880s count BY display_login usenull=false | export  add_timestamp=f add_offset=t format=csv segmentation=raw","| tstats summariesonly=t chunk_size=1000000000 count WHERE index=test_high_cardinality_compressed1 AND display_login=""Ab*"" earliest=""01/10/2023:06:00:00"" latest=""01/12/2023:22:00:00""  BY _time span=2880s, display_login | timechart limit=100 span=2880s count BY display_login usenull=false",81,0,81,"49.353",0,0,1,0,42349,"| tstats summariesonly=t chunk_size=1000000000 count WHERE index=test_high_cardinality_compressed1 AND display_login=""Ab*"" earliest=""01/10/2023:06:00:00"" latest=""01/12/2023:22:00:00""  BY _time span=2880s, display_login | timechart limit=100 span=2880s count BY display_login usenull=false | export add_timestamp=f add_offset=t format=csv segmentation=raw",,,,,,,,,,,,,,,,,,,,,,,29,"9.089",14,,,,,,,,,,,,,,,,,,,,,,,,,,0,"1673330400.000000000","1673560800.000000000","ip-172-31-15-178.ec2.internal",0,0,tstats2,"1693145225.1166","ip-172-31-15-178.ec2.internal","0.158",2,"0.3",2,,,,,,,,,,0,"| tstats summariesonly=t chunk_size=1000000000 count WHERE index=test_high_cardinality_compressed1 AND display_login=""Ab*"" earliest=""01/10/2023:06:00:00"" latest=""01/12/2023:22:00:00""  BY _time span=2880s, display_login | timechart limit=100 span=2880s count BY display_login usenull=false | export add_timestamp=f add_offset=t format=csv segmentation=raw",60,"2023-08-27T14:07:55.346+00:00"
335,197,335,"jmeter-test",uncached,1,"1970-01-01T00:00:00.000+00:00",604800,86400,"",184320,"0.002",1,2,"0.052",2,2,"90.058",202,1,"89.874",1,"0.028",13,"0.038",13,13,"89.865",197,"0.074",106,DONE,"1.00000",0,"2023-01-10T06:00:00.000+00:00",0,335,0,1,0,"search (earliest=""01/10/2023:06:00:00"" index=test_high_cardinality_compressed1 latest=""01/12/2023:22:00:00"" ""abcdef*"")",none,335,197,335,"https://127.0.0.1:8089/services/search/jobs/1693145225.1161",400M,1,1,0,0,0,1,0,1,0,0,0,0,1,0,0,"abcdef* earliest::01/10/2023:06:00:00 index::test_high_cardinality_compressed1 latest::01/12/2023:22:00:00","","2023-01-12T22:00:00.000+00:00","6.950769230769231","Your timerange was substituted based on your search string",0,1,0,"litsearch (index=test_high_cardinality_compressed1 earliest=""01/10/2023:06:00:00"" latest=""01/12/2023:22:00:00"" ""abcdef*"") | addinfo type=count label=prereport_events | fields keepcolorder=t ""prestats_reserved_*"" ""psrsvd_*"" | prestats count",13,"| search (earliest=""01/10/2023:06:00:00"" index=test_high_cardinality_compressed1 latest=""01/12/2023:22:00:00"" ""abcdef*"") | stats count | export add_timestamp=f add_offset=t format=csv segmentation=raw","litsearch (index=test_high_cardinality_compressed1 ""abcdef*"" _time>=1673330400.000 _time<1673560800.000) | addinfo  type=count label=prereport_events track_fieldmeta_events=true | fields  keepcolorder=t ""prestats_reserved_*"" ""psrsvd_*"" | prestats  count","stats  count  | export  add_timestamp=f add_offset=t format=csv segmentation=raw | noop ",52907,335,197,196,5,"","2023-08-27T14:07:05.000+00:00","sistats count","litsearch (index=test_high_cardinality_compressed1 ""abcdef*"" _time>=1673330400.000 _time<1673560800.000) | addinfo  type=count label=prereport_events track_fieldmeta_events=true | fields  keepcolorder=t ""prestats_reserved_*"" ""psrsvd_*"" | prestats  count","stats  count | export  add_timestamp=f add_offset=t format=csv segmentation=raw","search index=test_high_cardinality_compressed1 earliest=""01/10/2023:06:00:00"" latest=""01/12/2023:22:00:00"" ""abcdef*"" | stats count",1,0,1,"90.374",0,0,1,0,335,"search index=test_high_cardinality_compressed1 earliest=""01/10/2023:06:00:00"" latest=""01/12/2023:22:00:00"" ""abcdef*"" | stats count | export add_timestamp=f add_offset=t format=csv segmentation=raw",335,196,335,"89.858",335,196,335,2,"0.015",2,2,2,2,2,2,335,196,335,"0.013",335,196,335,41,"3.807",2,"8.744",43,2810,89,0,197,"0.023",196,335,196,335,335,2,"80.784",11,"0.184",43,197,335,196,335,197,335,196,335,0,"1673330400.000000000","1673560800.000000000","ip-172-31-15-178.ec2.internal",43,0,"rare-wildcard","1693145225.1161","ip-172-31-15-178.ec2.internal","0.156",2,"0.3",2,196,202,0,0,1,1,196,203,1,0,"search index=test_high_cardinality_compressed1 earliest=""01/10/2023:06:00:00"" latest=""01/12/2023:22:00:00"" ""abcdef*"" | stats count | export add_timestamp=f add_offset=t format=csv segmentation=raw",60,"2023-08-27T14:08:36.415+00:00"
113849,205,113849,"jmeter-test",uncached,1,"1970-01-01T00:00:00.000+00:00",604800,86400,"",417792,"0.002",1,2,"0.053",2,2,"90.056",210,1,"90.219",1,"0.299",14,"0.321",14,14,"90.203",205,"0.091",107,DONE,"1.00000",0,"2023-01-10T06:00:00.000+00:00",0,113849,0,1,0,"search (display_login=""Z*"" earliest=""01/10/2023:06:00:00"" index=test_high_cardinality_compressed1 latest=""01/12/2023:22:00:00"")",none,113849,205,113849,"https://127.0.0.1:8089/services/search/jobs/1693145225.1165",400M,1,1,0,0,0,1,0,1,0,0,0,0,1,0,0,"display_login::z* earliest::01/10/2023:06:00:00 index::test_high_cardinality_compressed1 latest::01/12/2023:22:00:00","","2023-01-12T22:00:00.000+00:00","6.466785714285714","Your timerange was substituted based on your search string",0,1,0,"litsearch (index=test_high_cardinality_compressed1 display_login=""Z*"" earliest=""01/10/2023:06:00:00"" latest=""01/12/2023:22:00:00"") | addinfo type=count label=prereport_events | fields keepcolorder=t ""display_login"" ""prestats_reserved_*"" ""psrsvd_*"" | prestats count by display_login",14,"| search (display_login=""Z*"" earliest=""01/10/2023:06:00:00"" index=test_high_cardinality_compressed1 latest=""01/12/2023:22:00:00"") | stats count by display_login | export add_timestamp=f add_offset=t format=csv segmentation=raw","litsearch (display_login=""Z*"" index=test_high_cardinality_compressed1 _time>=1673330400.000 _time<1673560800.000) | addinfo  type=count label=prereport_events track_fieldmeta_events=true | fields  keepcolorder=t ""display_login"" ""prestats_reserved_*"" ""psrsvd_*"" | prestats  count by display_login","stats  count by display_login  | export  add_timestamp=f add_offset=t format=csv segmentation=raw | noop ",52909,113849,205,79499,5,"","2023-08-27T14:07:05.000+00:00","sistats count by display_login","litsearch (display_login=""Z*"" index=test_high_cardinality_compressed1 _time>=1673330400.000 _time<1673560800.000) | addinfo  type=count label=prereport_events track_fieldmeta_events=true | fields  keepcolorder=t ""display_login"" ""prestats_reserved_*"" ""psrsvd_*"" | prestats  count by display_login","stats  count by display_login | export  add_timestamp=f add_offset=t format=csv segmentation=raw","search index=test_high_cardinality_compressed1 display_login=""Z*""  earliest=""01/10/2023:06:00:00"" latest=""01/12/2023:22:00:00"" | stats count by display_login",18289,0,18289,"90.729",0,0,1,0,113849,"search index=test_high_cardinality_compressed1 display_login=""Z*""  earliest=""01/10/2023:06:00:00"" latest=""01/12/2023:22:00:00"" | stats count by display_login | export add_timestamp=f add_offset=t format=csv segmentation=raw",113849,204,113849,"90.043",113849,204,113849,2,"0.016",2,2,2,2,2,2,113849,204,113849,"0.076",113849,204,113849,41,"3.394",2,"8.201",43,106474,158,0,205,"0.065",204,113849,204,113849,113849,2,"77.249",9,"4.264",43,205,113849,204,113849,205,113849,204,113849,0,"1673330400.000000000","1673560800.000000000","ip-172-31-15-178.ec2.internal",43,0,"sparse-indexed","1693145225.1165","ip-172-31-15-178.ec2.internal","0.156",2,"0.3",2,79499,210,0,0,1,18289,79499,211,18289,0,"search index=test_high_cardinality_compressed1 display_login=""Z*""  earliest=""01/10/2023:06:00:00"" latest=""01/12/2023:22:00:00"" | stats count by display_login | export add_timestamp=f add_offset=t format=csv segmentation=raw",60,"2023-08-27T14:08:36.745+00:00"
602738,294,602738,"jmeter-test",uncached,1,"1970-01-01T00:00:00.000+00:00",604800,86400,"",3305472,"0.002",1,2,"0.05",2,2,"91.504",299,1,"92.863",1,"1.245",18,"1.305",18,18,"92.844",294,"0.089",114,DONE,"1.00000",0,"2023-01-10T06:00:00.000+00:00",0,602738,0,1,0,"search (earliest=""01/10/2023:06:00:00"" index=test_high_cardinality_compressed1 latest=""01/12/2023:22:00:00"" ""Z*"")",none,602738,294,602738,"https://127.0.0.1:8089/services/search/jobs/1693145225.1162",400M,1,1,0,0,0,1,0,1,0,0,0,0,1,0,0,"earliest::01/10/2023:06:00:00 index::test_high_cardinality_compressed1 latest::01/12/2023:22:00:00 z*","","2023-01-12T22:00:00.000+00:00","5.044833333333333","Your timerange was substituted based on your search string",100000,1,100000,"litsearch (index=test_high_cardinality_compressed1 earliest=""01/10/2023:06:00:00"" latest=""01/12/2023:22:00:00"" ""Z*"") | addinfo type=count label=prereport_events | fields keepcolorder=t ""display_login"" ""prestats_reserved_*"" ""psrsvd_*"" | prestats count by display_login",18,"| search (earliest=""01/10/2023:06:00:00"" index=test_high_cardinality_compressed1 latest=""01/12/2023:22:00:00"" ""Z*"") | stats count by display_login | export add_timestamp=f add_offset=t format=csv segmentation=raw","litsearch (index=test_high_cardinality_compressed1 ""Z*"" _time>=1673330400.000 _time<1673560800.000) | addinfo  type=count label=prereport_events track_fieldmeta_events=true | fields  keepcolorder=t ""display_login"" ""prestats_reserved_*"" ""psrsvd_*"" | prestats  count by display_login","stats  count by display_login  | export  add_timestamp=f add_offset=t format=csv segmentation=raw | noop ",52905,602738,294,358547,5,"","2023-08-27T14:07:05.000+00:00","sistats count by display_login","litsearch (index=test_high_cardinality_compressed1 ""Z*"" _time>=1673330400.000 _time<1673560800.000) | addinfo  type=count label=prereport_events track_fieldmeta_events=true | fields  keepcolorder=t ""display_login"" ""prestats_reserved_*"" ""psrsvd_*"" | prestats  count by display_login","stats  count by display_login | export  add_timestamp=f add_offset=t format=csv segmentation=raw","search index=test_high_cardinality_compressed1 earliest=""01/10/2023:06:00:00"" latest=""01/12/2023:22:00:00"" ""Z*""  | stats count by display_login",117034,0,117034,"93.759",0,0,1,0,602738,"search index=test_high_cardinality_compressed1 earliest=""01/10/2023:06:00:00"" latest=""01/12/2023:22:00:00"" ""Z*""  | stats count by display_login | export add_timestamp=f add_offset=t format=csv segmentation=raw",602738,293,602738,"91.859",602738,293,602738,2,"0.016",2,2,2,2,2,2,602738,293,602738,"10.639",602738,293,602738,42,"2.48",1,"32.691",43,1038585,234,0,294,"0.211",293,602738,293,602738,602738,2,"6.146",3,"13.186",69,294,602738,293,602738,294,602738,293,602738,0,"1673330400.000000000","1673560800.000000000","ip-172-31-15-178.ec2.internal",43,0,"sparse-raw","1693145225.1162","ip-172-31-15-178.ec2.internal","0.156",2,"0.3",2,358547,299,0,0,1,0,358547,300,0,0,"search index=test_high_cardinality_compressed1 earliest=""01/10/2023:06:00:00"" latest=""01/12/2023:22:00:00"" ""Z*""  | stats count by display_login | export add_timestamp=f add_offset=t format=csv segmentation=raw",60,"2023-08-27T14:08:39.755+00:00"
11135896,3649,11135896,"jmeter-test",uncached,1,"1970-01-01T00:00:00.000+00:00",604800,86400,"",25513984,"0.002",1,2,"0.05",2,2,"96.459",3653,1,"106.602",1,"4.55",31,"4.667",31,31,"106.393",3649,"0.111",145,DONE,"1.00000",0,"2023-01-10T06:00:00.000+00:00",0,11135896,0,1,0,"search (earliest=""01/10/2023:06:00:00"" index=test_high_cardinality_compressed1 latest=""01/12/2023:22:00:00"")",none,11135896,3649,11135896,"https://127.0.0.1:8089/services/search/jobs/1693145225.1164",400M,1,1,0,0,0,1,0,1,0,0,0,0,1,0,0,"earliest::01/10/2023:06:00:00 index::test_high_cardinality_compressed1 latest::01/12/2023:22:00:00","","2023-01-12T22:00:00.000+00:00","3.4396774193548385","Your timerange was substituted based on your search string",1150000,1,1150000,"litsearch (index=test_high_cardinality_compressed1 earliest=""01/10/2023:06:00:00"" latest=""01/12/2023:22:00:00"") | addinfo type=count label=prereport_events | fields keepcolorder=t ""display_login"" ""prestats_reserved_*"" ""psrsvd_*"" | prestats count by display_login",31,"| search (earliest=""01/10/2023:06:00:00"" index=test_high_cardinality_compressed1 latest=""01/12/2023:22:00:00"") | stats count by display_login | export add_timestamp=f add_offset=t format=csv segmentation=raw","litsearch (index=test_high_cardinality_compressed1 _time>=1673330400.000 _time<1673560800.000) | addinfo  type=count label=prereport_events track_fieldmeta_events=true | fields  keepcolorder=t ""display_login"" ""prestats_reserved_*"" ""psrsvd_*"" | prestats  count by display_login","stats  count by display_login  | export  add_timestamp=f add_offset=t format=csv segmentation=raw | noop ",52912,11135896,3649,7164107,5,"","2023-08-27T14:07:05.000+00:00","sistats count by display_login","litsearch (index=test_high_cardinality_compressed1 _time>=1673330400.000 _time<1673560800.000) | addinfo  type=count label=prereport_events track_fieldmeta_events=true | fields  keepcolorder=t ""display_login"" ""prestats_reserved_*"" ""psrsvd_*"" | prestats  count by display_login","stats  count by display_login | export  add_timestamp=f add_offset=t format=csv segmentation=raw","search index=test_high_cardinality_compressed1 earliest=""01/10/2023:06:00:00"" latest=""01/12/2023:22:00:00"" | stats count by display_login",1180004,0,1180004,"111.763",0,0,1,0,11135896,"search index=test_high_cardinality_compressed1 earliest=""01/10/2023:06:00:00"" latest=""01/12/2023:22:00:00"" | stats count by display_login | export add_timestamp=f add_offset=t format=csv segmentation=raw",11135896,3648,11135896,"92.515",11135896,3648,11135896,2,"0.016",2,2,2,2,2,2,11135896,3648,11135896,"1.749",11135896,3648,11135896,42,"2.48",1,"5.604",43,,149,0,3649,"2.126",3648,11135896,3648,11135896,11135896,2,"18.836",2,"34.595",912,3649,11135896,3648,11135896,3649,11135896,3648,11135896,0,"1673330400.000000000","1673560800.000000000","ip-172-31-15-178.ec2.internal",43,0,"dense-indexed","1693145225.1164","ip-172-31-15-178.ec2.internal","0.155",2,"0.292",2,7164107,3653,0,0,1,0,7164107,3654,0,0,"search index=test_high_cardinality_compressed1 earliest=""01/10/2023:06:00:00"" latest=""01/12/2023:22:00:00"" | stats count by display_login | export add_timestamp=f add_offset=t format=csv segmentation=raw",60,"2023-08-27T14:08:57.775+00:00"
11135896,3649,11135896,"jmeter-test",uncached,1,"1970-01-01T00:00:00.000+00:00",604800,86400,"",25526272,"0.002",1,2,"0.05",2,2,"142.825",3652,1,"153.488",1,"5.609",46,"5.789",46,46,"153.262",3649,"0.151",207,DONE,"1.00000",0,"2023-01-10T06:00:00.000+00:00",0,11135896,0,1,0,"search (earliest=""01/10/2023:06:00:00"" index=test_high_cardinality_compressed1 latest=""01/12/2023:22:00:00"") | spath actor.login",none,11135896,3649,11135896,"https://127.0.0.1:8089/services/search/jobs/1693145225.1163",400M,1,1,0,0,0,1,0,1,0,0,0,0,1,0,0,"earliest::01/10/2023:06:00:00 index::test_high_cardinality_compressed1 latest::01/12/2023:22:00:00","","2023-01-12T22:00:00.000+00:00","3.349521739130435","Your timerange was substituted based on your search string",1150000,1,1150000,"litsearch (index=test_high_cardinality_compressed1 earliest=""01/10/2023:06:00:00"" latest=""01/12/2023:22:00:00"") | spath actor.login | addinfo type=count label=prereport_events | fields keepcolorder=t ""actor.login"" ""prestats_reserved_*"" ""psrsvd_*"" | prestats count by ""actor.login""",46,"| search (earliest=""01/10/2023:06:00:00"" index=test_high_cardinality_compressed1 latest=""01/12/2023:22:00:00"") | spath actor.login | stats count by actor.login | export add_timestamp=f add_offset=t format=csv segmentation=raw","litsearch (index=test_high_cardinality_compressed1 _time>=1673330400.000 _time<1673560800.000) | spath  actor.login | addinfo  type=count label=prereport_events track_fieldmeta_events=true | fields  keepcolorder=t ""actor.login"" ""prestats_reserved_*"" ""psrsvd_*"" | prestats  count by ""actor.login""","stats  count by actor.login  | export  add_timestamp=f add_offset=t format=csv segmentation=raw | noop ",52910,11135896,3649,7164338,5,"","2023-08-27T14:07:05.000+00:00","sistats count by actor.login","litsearch (index=test_high_cardinality_compressed1 _time>=1673330400.000 _time<1673560800.000) | spath  actor.login | addinfo  type=count label=prereport_events track_fieldmeta_events=true | fields  keepcolorder=t ""actor.login"" ""prestats_reserved_*"" ""psrsvd_*"" | prestats  count by ""actor.login""","stats  count by actor.login | export  add_timestamp=f add_offset=t format=csv segmentation=raw","search index=test_high_cardinality_compressed1 earliest=""01/10/2023:06:00:00"" latest=""01/12/2023:22:00:00""  | spath actor.login  | stats count by actor.login",1180022,0,1180022,"158.745",0,0,1,0,11135896,"search index=test_high_cardinality_compressed1 earliest=""01/10/2023:06:00:00"" latest=""01/12/2023:22:00:00""  | spath actor.login  | stats count by actor.login | export add_timestamp=f add_offset=t format=csv segmentation=raw",11135896,3648,11135896,"108.336",11135896,3648,11135896,2,"0.017",2,2,2,2,2,2,11135896,3648,11135896,"1.599",11135896,3648,11135896,42,"2.43",1,"5.407",43,,138,0,3649,"37.587",3648,11135896,3648,11135896,11135896,2,"2.281",1,"32.765",912,3649,11135896,3648,11135896,3649,11135896,3648,11135896,0,"1673330400.000000000","1673560800.000000000","ip-172-31-15-178.ec2.internal",43,0,"dense-raw","1693145225.1163","ip-172-31-15-178.ec2.internal","0.156",2,"0.298",2,7164338,3652,0,0,1,0,7164338,3653,0,0,"search index=test_high_cardinality_compressed1 earliest=""01/10/2023:06:00:00"" latest=""01/12/2023:22:00:00""  | spath actor.login  | stats count by actor.login | export add_timestamp=f add_offset=t format=csv segmentation=raw",60,"2023-08-27T14:09:44.755+00:00"
335,197,335,"jmeter-test",cached,1,"1970-01-01T00:00:00.000+00:00",604800,86400,"",106496,"0.002",1,2,"0.048",2,2,"0.552",198,1,"0.331",1,,,,,,"0.323",197,"0.002",3,DONE,"1.00000",0,"2023-01-10T06:00:00.000+00:00",0,335,0,1,0,"search (earliest=""01/10/2023:06:00:00"" index=test_high_cardinality_compressed1 latest=""01/12/2023:22:00:00"" ""abcdef*"")",none,335,197,335,"https://127.0.0.1:8089/services/search/jobs/1693145388.1348",400M,1,1,0,0,0,1,0,1,0,0,0,0,1,0,0,"abcdef* earliest::01/10/2023:06:00:00 index::test_high_cardinality_compressed1 latest::01/12/2023:22:00:00","","2023-01-12T22:00:00.000+00:00",,"Your timerange was substituted based on your search string",0,1,0,"litsearch (index=test_high_cardinality_compressed1 earliest=""01/10/2023:06:00:00"" latest=""01/12/2023:22:00:00"" ""abcdef*"") | addinfo type=count label=prereport_events | fields keepcolorder=t ""prestats_reserved_*"" ""psrsvd_*"" | prestats count",0,"| search (earliest=""01/10/2023:06:00:00"" index=test_high_cardinality_compressed1 latest=""01/12/2023:22:00:00"" ""abcdef*"") | stats count | export add_timestamp=f add_offset=t format=csv segmentation=raw","litsearch (index=test_high_cardinality_compressed1 ""abcdef*"" _time>=1673330400.000 _time<1673560800.000) | addinfo  type=count label=prereport_events track_fieldmeta_events=true | fields  keepcolorder=t ""prestats_reserved_*"" ""psrsvd_*"" | prestats  count","stats  count  | export  add_timestamp=f add_offset=t format=csv segmentation=raw | noop ",63430,335,197,196,5,"","2023-08-27T14:09:48.000+00:00","sistats count","litsearch (index=test_high_cardinality_compressed1 ""abcdef*"" _time>=1673330400.000 _time<1673560800.000) | addinfo  type=count label=prereport_events track_fieldmeta_events=true | fields  keepcolorder=t ""prestats_reserved_*"" ""psrsvd_*"" | prestats  count","stats  count | export  add_timestamp=f add_offset=t format=csv segmentation=raw","search index=test_high_cardinality_compressed1 earliest=""01/10/2023:06:00:00"" latest=""01/12/2023:22:00:00"" ""abcdef*"" | stats count",1,0,1,"0.786",0,0,1,0,335,"search index=test_high_cardinality_compressed1 earliest=""01/10/2023:06:00:00"" latest=""01/12/2023:22:00:00"" ""abcdef*"" | stats count | export add_timestamp=f add_offset=t format=csv segmentation=raw",335,196,335,"0.317",335,196,335,2,"0.015",2,2,2,2,2,2,335,196,335,"0.012",335,196,335,43,,,"0.074",43,2800,90,0,197,"0.017",196,335,196,335,335,2,,,"0.146",43,197,335,196,335,197,335,196,335,0,"1673330400.000000000","1673560800.000000000","ip-172-31-15-178.ec2.internal",43,0,"rare-wildcard","1693145388.1348","ip-172-31-15-178.ec2.internal","0.016",2,"0.086",2,196,198,0,0,1,1,196,199,1,0,"search index=test_high_cardinality_compressed1 earliest=""01/10/2023:06:00:00"" latest=""01/12/2023:22:00:00"" ""abcdef*"" | stats count | export add_timestamp=f add_offset=t format=csv segmentation=raw",60,"2023-08-27T14:09:49.565+00:00"
1,2,1,"jmeter-test",cached,1,"1970-01-01T00:00:00.000+00:00",604800,86400,"",106496,"0.002",1,2,"0.049",2,2,"0.317",3,1,"0.078",1,,,,,,"0.078",2,"0.002",3,DONE,"1.00000",0,"2023-01-10T06:00:00.000+00:00",0,1,0,1,0,"search (earliest=""01/10/2023:06:00:00"" index=test_high_cardinality_compressed1 latest=""01/12/2023:22:00:00"" ""zefuirusu"")",none,1,2,1,"https://127.0.0.1:8089/services/search/jobs/1693145388.1345",400M,1,1,0,0,0,1,0,1,0,0,0,0,1,0,0,"earliest::01/10/2023:06:00:00 index::test_high_cardinality_compressed1 latest::01/12/2023:22:00:00 zefuirusu","","2023-01-12T22:00:00.000+00:00",,"Your timerange was substituted based on your search string",0,1,0,"litsearch (index=test_high_cardinality_compressed1 earliest=""01/10/2023:06:00:00"" latest=""01/12/2023:22:00:00"" ""zefuirusu"") | addinfo type=count label=prereport_events | fields keepcolorder=t ""prestats_reserved_*"" ""psrsvd_*"" | prestats count",0,"| search (earliest=""01/10/2023:06:00:00"" index=test_high_cardinality_compressed1 latest=""01/12/2023:22:00:00"" ""zefuirusu"") | stats count | export add_timestamp=f add_offset=t format=csv segmentation=raw","litsearch (index=test_high_cardinality_compressed1 ""zefuirusu"" _time>=1673330400.000 _time<1673560800.000) | addinfo  type=count label=prereport_events track_fieldmeta_events=true | fields  keepcolorder=t ""prestats_reserved_*"" ""psrsvd_*"" | prestats  count","stats  count  | export  add_timestamp=f add_offset=t format=csv segmentation=raw | noop ",63426,1,2,1,5,"","2023-08-27T14:09:48.000+00:00","sistats count","litsearch (index=test_high_cardinality_compressed1 ""zefuirusu"" _time>=1673330400.000 _time<1673560800.000) | addinfo  type=count label=prereport_events track_fieldmeta_events=true | fields  keepcolorder=t ""prestats_reserved_*"" ""psrsvd_*"" | prestats  count","stats  count | export  add_timestamp=f add_offset=t format=csv segmentation=raw","search index=test_high_cardinality_compressed1 earliest=""01/10/2023:06:00:00"" latest=""01/12/2023:22:00:00"" ""zefuirusu"" | stats count",1,0,1,"0.531",0,0,1,0,1,"search index=test_high_cardinality_compressed1 earliest=""01/10/2023:06:00:00"" latest=""01/12/2023:22:00:00"" ""zefuirusu"" | stats count | export add_timestamp=f add_offset=t format=csv segmentation=raw",1,1,1,"0.078",1,1,1,2,"0.015",2,2,2,2,2,2,1,1,1,,1,1,1,43,,,"0.002",43,42,1,0,2,"0.013",1,1,1,1,1,2,,,"0.025",1,2,1,1,1,2,1,1,1,0,"1673330400.000000000","1673560800.000000000","ip-172-31-15-178.ec2.internal",43,42,"rare-exact","1693145388.1345","ip-172-31-15-178.ec2.internal","0.017",2,"0.086",2,1,3,0,0,1,1,1,4,1,0,"search index=test_high_cardinality_compressed1 earliest=""01/10/2023:06:00:00"" latest=""01/12/2023:22:00:00"" ""zefuirusu"" | stats count | export add_timestamp=f add_offset=t format=csv segmentation=raw",60,"2023-08-27T14:09:49.565+00:00"
113849,205,113849,"jmeter-test",cached,1,"1970-01-01T00:00:00.000+00:00",604800,86400,"",344064,"0.002",1,2,"0.053",2,2,"4.772",206,1,"4.657",1,"0.083",4,"0.09",4,4,"4.646",205,"0.01",12,DONE,"1.00000",0,"2023-01-10T06:00:00.000+00:00",0,113849,0,1,0,"search (display_login=""Z*"" earliest=""01/10/2023:06:00:00"" index=test_high_cardinality_compressed1 latest=""01/12/2023:22:00:00"")",none,113849,205,113849,"https://127.0.0.1:8089/services/search/jobs/1693145388.1350",400M,1,1,0,0,0,1,0,1,0,0,0,0,1,0,0,"display_login::z* earliest::01/10/2023:06:00:00 index::test_high_cardinality_compressed1 latest::01/12/2023:22:00:00","","2023-01-12T22:00:00.000+00:00","1.12075","Your timerange was substituted based on your search string",0,1,0,"litsearch (index=test_high_cardinality_compressed1 display_login=""Z*"" earliest=""01/10/2023:06:00:00"" latest=""01/12/2023:22:00:00"") | addinfo type=count label=prereport_events | fields keepcolorder=t ""display_login"" ""prestats_reserved_*"" ""psrsvd_*"" | prestats count by display_login",4,"| search (display_login=""Z*"" earliest=""01/10/2023:06:00:00"" index=test_high_cardinality_compressed1 latest=""01/12/2023:22:00:00"") | stats count by display_login | export add_timestamp=f add_offset=t format=csv segmentation=raw","litsearch (display_login=""Z*"" index=test_high_cardinality_compressed1 _time>=1673330400.000 _time<1673560800.000) | addinfo  type=count label=prereport_events track_fieldmeta_events=true | fields  keepcolorder=t ""display_login"" ""prestats_reserved_*"" ""psrsvd_*"" | prestats  count by display_login","stats  count by display_login  | export  add_timestamp=f add_offset=t format=csv segmentation=raw | noop ",63428,113849,205,79499,5,"","2023-08-27T14:09:48.000+00:00","sistats count by display_login","litsearch (display_login=""Z*"" index=test_high_cardinality_compressed1 _time>=1673330400.000 _time<1673560800.000) | addinfo  type=count label=prereport_events track_fieldmeta_events=true | fields  keepcolorder=t ""display_login"" ""prestats_reserved_*"" ""psrsvd_*"" | prestats  count by display_login","stats  count by display_login | export  add_timestamp=f add_offset=t format=csv segmentation=raw","search index=test_high_cardinality_compressed1 display_login=""Z*""  earliest=""01/10/2023:06:00:00"" latest=""01/12/2023:22:00:00"" | stats count by display_login",18289,0,18289,"5.183",0,0,1,0,113849,"search index=test_high_cardinality_compressed1 display_login=""Z*""  earliest=""01/10/2023:06:00:00"" latest=""01/12/2023:22:00:00"" | stats count by display_login | export add_timestamp=f add_offset=t format=csv segmentation=raw",113849,204,113849,"4.488",113849,204,113849,2,"0.016",2,2,2,2,2,2,113849,204,113849,"0.081",113849,204,113849,43,,,"0.31",43,106881,154,0,205,"0.063",204,113849,204,113849,113849,2,,,"3.931",43,205,113849,204,113849,205,113849,204,113849,0,"1673330400.000000000","1673560800.000000000","ip-172-31-15-178.ec2.internal",43,0,"sparse-indexed","1693145388.1350","ip-172-31-15-178.ec2.internal","0.026",2,"0.132",2,79499,206,0,0,1,18289,79499,207,18289,0,"search index=test_high_cardinality_compressed1 display_login=""Z*""  earliest=""01/10/2023:06:00:00"" latest=""01/12/2023:22:00:00"" | stats count by display_login | export add_timestamp=f add_offset=t format=csv segmentation=raw",60,"2023-08-27T14:09:53.745+00:00"
,,,"jmeter-test",cached,0,"1970-01-01T00:00:00.000+00:00",604800,86400,"",196608,"0.002",1,2,,,,"9.891",87,1,"9.81",1,"0.256",8,"0.264",8,8,"9.807",86,"0.015",21,DONE,"1.00000",0,"2023-01-10T06:00:00.000+00:00",0,16756,0,1,0,"",none,,,,"https://127.0.0.1:8089/services/search/jobs/1693145388.1349",400M,1,1,0,0,0,,0,1,0,0,0,0,0,0,0,"","","2023-01-12T22:00:00.000+00:00","1.2395","Your timerange was substituted based on your 'where' clause",0,1,0,"tstats prestats=t local=f summariesonly=t allow_old_summaries=f chunk_size=1000000000 count where index=test_high_cardinality_compressed1 AND display_login=""Ze*"" earliest=""01/10/2023:06:00:00"" latest=""01/12/2023:22:00:00"" groupby _time display_login span=2880s",8," | tstats summariesonly=true allow_old_summaries=false chunk_size=1000000000 count WHERE (index=test_high_cardinality_compressed1 display_login=""Ze*"" _time>=1673330400.000 _time<1673560800.000) BY _time span=2880s, display_login | timechart limit=100 span=2880s count BY display_login usenull=false | export add_timestamp=f add_offset=t format=csv segmentation=raw","tstats  prestats=t local=f summariesonly=t allow_old_summaries=f chunk_size=1000000000 count where (index=test_high_cardinality_compressed1 display_login=""Ze*"" _time>=1673330400.000 _time<1673560800.000) groupby _time display_login span=2880s","tstats  summariesonly=true allow_old_summaries=false chunk_size=1000000000 count WHERE (index=test_high_cardinality_compressed1 display_login=""Ze*"" _time>=1673330400.000 _time<1673560800.000) BY _time span=2880s, display_login  | timechart  limit=100 span=2880s count BY display_login usenull=false  | export  add_timestamp=f add_offset=t format=csv segmentation=raw | noop ",63429,,,,5,"","2023-08-27T14:09:48.000+00:00","sistats count by _time display_login","tstats  prestats=t local=f summariesonly=t allow_old_summaries=f chunk_size=1000000000 count where (index=test_high_cardinality_compressed1 display_login=""Ze*"" _time>=1673330400.000 _time<1673560800.000) groupby _time display_login span=2880s","tstats  summariesonly=true allow_old_summaries=false chunk_size=1000000000 count WHERE (index=test_high_cardinality_compressed1 display_login=""Ze*"" _time>=1673330400.000 _time<1673560800.000) BY _time span=2880s, display_login | timechart  limit=100 span=2880s count BY display_login usenull=false | export  add_timestamp=f add_offset=t format=csv segmentation=raw","| tstats summariesonly=t chunk_size=1000000000 count WHERE index=test_high_cardinality_compressed1 AND display_login=""Ze*"" earliest=""01/10/2023:06:00:00"" latest=""01/12/2023:22:00:00""  BY _time span=2880s, display_login | timechart limit=100 span=2880s count BY display_login usenull=false",81,0,81,"10.274000000000001",0,0,1,0,16756,"| tstats summariesonly=t chunk_size=1000000000 count WHERE index=test_high_cardinality_compressed1 AND display_login=""Ze*"" earliest=""01/10/2023:06:00:00"" latest=""01/12/2023:22:00:00""  BY _time span=2880s, display_login | timechart limit=100 span=2880s count BY display_login usenull=false | export add_timestamp=f add_offset=t format=csv segmentation=raw",,,,,,,,,,,,,,,,,,,,,,,43,,,,,,,,,,,,,,,,,,,,,,,,,,,,0,"1673330400.000000000","1673560800.000000000","ip-172-31-15-178.ec2.internal",0,0,tstats1,"1693145388.1349","ip-172-31-15-178.ec2.internal","0.016",2,"0.086",2,,,,,,,,,,0,"| tstats summariesonly=t chunk_size=1000000000 count WHERE index=test_high_cardinality_compressed1 AND display_login=""Ze*"" earliest=""01/10/2023:06:00:00"" latest=""01/12/2023:22:00:00""  BY _time span=2880s, display_login | timechart limit=100 span=2880s count BY display_login usenull=false | export add_timestamp=f add_offset=t format=csv segmentation=raw",60,"2023-08-27T14:09:58.805+00:00"
,,,"jmeter-test",cached,0,"1970-01-01T00:00:00.000+00:00",604800,86400,"",200704,"0.002",1,2,,,,"9.891",87,1,"10.053",1,"0.583",8,"0.591",8,8,"10.049",86,"0.016",21,DONE,"1.00000",0,"2023-01-10T06:00:00.000+00:00",0,42349,0,1,0,"",none,,,,"https://127.0.0.1:8089/services/search/jobs/1693145388.1352",400M,1,1,0,0,0,,0,1,0,0,0,0,0,0,0,"","","2023-01-12T22:00:00.000+00:00","1.3225","Your timerange was substituted based on your 'where' clause",0,1,0,"tstats prestats=t local=f summariesonly=t allow_old_summaries=f chunk_size=1000000000 count where index=test_high_cardinality_compressed1 AND display_login=""Ab*"" earliest=""01/10/2023:06:00:00"" latest=""01/12/2023:22:00:00"" groupby _time display_login span=2880s",8," | tstats summariesonly=true allow_old_summaries=false chunk_size=1000000000 count WHERE (index=test_high_cardinality_compressed1 display_login=""Ab*"" _time>=1673330400.000 _time<1673560800.000) BY _time span=2880s, display_login | timechart limit=100 span=2880s count BY display_login usenull=false | export add_timestamp=f add_offset=t format=csv segmentation=raw","tstats  prestats=t local=f summariesonly=t allow_old_summaries=f chunk_size=1000000000 count where (index=test_high_cardinality_compressed1 display_login=""Ab*"" _time>=1673330400.000 _time<1673560800.000) groupby _time display_login span=2880s","tstats  summariesonly=true allow_old_summaries=false chunk_size=1000000000 count WHERE (index=test_high_cardinality_compressed1 display_login=""Ab*"" _time>=1673330400.000 _time<1673560800.000) BY _time span=2880s, display_login  | timechart  limit=100 span=2880s count BY display_login usenull=false  | export  add_timestamp=f add_offset=t format=csv segmentation=raw | noop ",63442,,,,5,"","2023-08-27T14:09:48.000+00:00","sistats count by _time display_login","tstats  prestats=t local=f summariesonly=t allow_old_summaries=f chunk_size=1000000000 count where (index=test_high_cardinality_compressed1 display_login=""Ab*"" _time>=1673330400.000 _time<1673560800.000) groupby _time display_login span=2880s","tstats  summariesonly=true allow_old_summaries=false chunk_size=1000000000 count WHERE (index=test_high_cardinality_compressed1 display_login=""Ab*"" _time>=1673330400.000 _time<1673560800.000) BY _time span=2880s, display_login | timechart  limit=100 span=2880s count BY display_login usenull=false | export  add_timestamp=f add_offset=t format=csv segmentation=raw","| tstats summariesonly=t chunk_size=1000000000 count WHERE index=test_high_cardinality_compressed1 AND display_login=""Ab*"" earliest=""01/10/2023:06:00:00"" latest=""01/12/2023:22:00:00""  BY _time span=2880s, display_login | timechart limit=100 span=2880s count BY display_login usenull=false",81,0,81,"10.74",0,0,1,0,42349,"| tstats summariesonly=t chunk_size=1000000000 count WHERE index=test_high_cardinality_compressed1 AND display_login=""Ab*"" earliest=""01/10/2023:06:00:00"" latest=""01/12/2023:22:00:00""  BY _time span=2880s, display_login | timechart limit=100 span=2880s count BY display_login usenull=false | export add_timestamp=f add_offset=t format=csv segmentation=raw",,,,,,,,,,,,,,,,,,,,,,,43,,,,,,,,,,,,,,,,,,,,,,,,,,,,0,"1673330400.000000000","1673560800.000000000","ip-172-31-15-178.ec2.internal",0,0,tstats2,"1693145388.1352","ip-172-31-15-178.ec2.internal","0.016",2,"0.086",2,,,,,,,,,,0,"| tstats summariesonly=t chunk_size=1000000000 count WHERE index=test_high_cardinality_compressed1 AND display_login=""Ab*"" earliest=""01/10/2023:06:00:00"" latest=""01/12/2023:22:00:00""  BY _time span=2880s, display_login | timechart limit=100 span=2880s count BY display_login usenull=false | export add_timestamp=f add_offset=t format=csv segmentation=raw",60,"2023-08-27T14:09:59.275+00:00"
602738,294,602738,"jmeter-test",cached,1,"1970-01-01T00:00:00.000+00:00",604800,86400,"",3305472,"0.002",1,2,"0.049",2,2,"22.211",295,1,"23.524",1,"1.244",17,"1.303",18,17,"23.508",294,"0.035",44,DONE,"1.00000",0,"2023-01-10T06:00:00.000+00:00",0,602738,0,1,0,"search (earliest=""01/10/2023:06:00:00"" index=test_high_cardinality_compressed1 latest=""01/12/2023:22:00:00"" ""Z*"")",none,602738,294,602738,"https://127.0.0.1:8089/services/search/jobs/1693145388.1351",400M,1,1,0,0,0,1,0,1,0,0,0,0,1,0,0,"earliest::01/10/2023:06:00:00 index::test_high_cardinality_compressed1 latest::01/12/2023:22:00:00 z*","","2023-01-12T22:00:00.000+00:00","1.3567058823529412","Your timerange was substituted based on your search string",100000,1,100000,"litsearch (index=test_high_cardinality_compressed1 earliest=""01/10/2023:06:00:00"" latest=""01/12/2023:22:00:00"" ""Z*"") | addinfo type=count label=prereport_events | fields keepcolorder=t ""display_login"" ""prestats_reserved_*"" ""psrsvd_*"" | prestats count by display_login",18,"| search (earliest=""01/10/2023:06:00:00"" index=test_high_cardinality_compressed1 latest=""01/12/2023:22:00:00"" ""Z*"") | stats count by display_login | export add_timestamp=f add_offset=t format=csv segmentation=raw","litsearch (index=test_high_cardinality_compressed1 ""Z*"" _time>=1673330400.000 _time<1673560800.000) | addinfo  type=count label=prereport_events track_fieldmeta_events=true | fields  keepcolorder=t ""display_login"" ""prestats_reserved_*"" ""psrsvd_*"" | prestats  count by display_login","stats  count by display_login  | export  add_timestamp=f add_offset=t format=csv segmentation=raw | noop ",63448,602738,294,358547,5,"","2023-08-27T14:09:48.000+00:00","sistats count by display_login","litsearch (index=test_high_cardinality_compressed1 ""Z*"" _time>=1673330400.000 _time<1673560800.000) | addinfo  type=count label=prereport_events track_fieldmeta_events=true | fields  keepcolorder=t ""display_login"" ""prestats_reserved_*"" ""psrsvd_*"" | prestats  count by display_login","stats  count by display_login | export  add_timestamp=f add_offset=t format=csv segmentation=raw","search index=test_high_cardinality_compressed1 earliest=""01/10/2023:06:00:00"" latest=""01/12/2023:22:00:00"" ""Z*""  | stats count by display_login",117034,0,117034,"24.475",0,0,1,0,602738,"search index=test_high_cardinality_compressed1 earliest=""01/10/2023:06:00:00"" latest=""01/12/2023:22:00:00"" ""Z*""  | stats count by display_login | export add_timestamp=f add_offset=t format=csv segmentation=raw",602738,293,602738,"22.587",602738,293,602738,2,"0.015",2,2,2,2,2,2,602738,293,602738,"9.352",602738,293,602738,43,,,"1.759",43,1039622,135,0,294,"0.19",293,602738,293,602738,602738,2,,,"11.1",69,294,602738,293,602738,294,602738,293,602738,0,"1673330400.000000000","1673560800.000000000","ip-172-31-15-178.ec2.internal",43,0,"sparse-raw","1693145388.1351","ip-172-31-15-178.ec2.internal","0.026",2,"0.134",2,358547,295,0,0,1,0,358547,296,0,0,"search index=test_high_cardinality_compressed1 earliest=""01/10/2023:06:00:00"" latest=""01/12/2023:22:00:00"" ""Z*""  | stats count by display_login | export add_timestamp=f add_offset=t format=csv segmentation=raw",60,"2023-08-27T14:10:13.025+00:00"
11135896,3649,11135896,"jmeter-test",cached,1,"1970-01-01T00:00:00.000+00:00",604800,86400,"",25513984,"0.002",1,2,"0.049",2,2,"42.63",3650,1,"52.538",1,"4.75",33,"4.871",34,33,"52.351",3649,"0.076",93,DONE,"1.00000",0,"2023-01-10T06:00:00.000+00:00",0,11135896,0,1,0,"search (earliest=""01/10/2023:06:00:00"" index=test_high_cardinality_compressed1 latest=""01/12/2023:22:00:00"")",none,11135896,3649,11135896,"https://127.0.0.1:8089/services/search/jobs/1693145388.1347",400M,1,1,0,0,0,1,0,1,0,0,0,0,1,0,0,"earliest::01/10/2023:06:00:00 index::test_high_cardinality_compressed1 latest::01/12/2023:22:00:00","","2023-01-12T22:00:00.000+00:00","1.5589393939393938","Your timerange was substituted based on your search string",1150000,1,1150000,"litsearch (index=test_high_cardinality_compressed1 earliest=""01/10/2023:06:00:00"" latest=""01/12/2023:22:00:00"") | addinfo type=count label=prereport_events | fields keepcolorder=t ""display_login"" ""prestats_reserved_*"" ""psrsvd_*"" | prestats count by display_login",34,"| search (earliest=""01/10/2023:06:00:00"" index=test_high_cardinality_compressed1 latest=""01/12/2023:22:00:00"") | stats count by display_login | export add_timestamp=f add_offset=t format=csv segmentation=raw","litsearch (index=test_high_cardinality_compressed1 _time>=1673330400.000 _time<1673560800.000) | addinfo  type=count label=prereport_events track_fieldmeta_events=true | fields  keepcolorder=t ""display_login"" ""prestats_reserved_*"" ""psrsvd_*"" | prestats  count by display_login","stats  count by display_login  | export  add_timestamp=f add_offset=t format=csv segmentation=raw | noop ",63434,11135896,3649,7164107,5,"","2023-08-27T14:09:48.000+00:00","sistats count by display_login","litsearch (index=test_high_cardinality_compressed1 _time>=1673330400.000 _time<1673560800.000) | addinfo  type=count label=prereport_events track_fieldmeta_events=true | fields  keepcolorder=t ""display_login"" ""prestats_reserved_*"" ""psrsvd_*"" | prestats  count by display_login","stats  count by display_login | export  add_timestamp=f add_offset=t format=csv segmentation=raw","search index=test_high_cardinality_compressed1 earliest=""01/10/2023:06:00:00"" latest=""01/12/2023:22:00:00"" | stats count by display_login",1180004,0,1180004,"57.67",0,0,1,0,11135896,"search index=test_high_cardinality_compressed1 earliest=""01/10/2023:06:00:00"" latest=""01/12/2023:22:00:00"" | stats count by display_login | export add_timestamp=f add_offset=t format=csv segmentation=raw",11135896,3648,11135896,"39.258",11135896,3648,11135896,2,"0.015",2,2,2,2,2,2,11135896,3648,11135896,"1.579",11135896,3648,11135896,43,,,"2.257",43,,148,0,3649,"1.972",3648,11135896,3648,11135896,11135896,2,,,"31.591",912,3649,11135896,3648,11135896,3649,11135896,3648,11135896,0,"1673330400.000000000","1673560800.000000000","ip-172-31-15-178.ec2.internal",43,0,"dense-indexed","1693145388.1347","ip-172-31-15-178.ec2.internal","0.016",2,"0.086",2,7164107,3650,0,0,1,0,7164107,3651,0,0,"search index=test_high_cardinality_compressed1 earliest=""01/10/2023:06:00:00"" latest=""01/12/2023:22:00:00"" | stats count by display_login | export add_timestamp=f add_offset=t format=csv segmentation=raw",60,"2023-08-27T14:10:46.205+00:00"
11135896,3649,11135896,"jmeter-test",cached,1,"1970-01-01T00:00:00.000+00:00",604800,86400,"",25526272,"0.002",1,2,"0.049",2,2,"105.661",3650,1,"116.384",1,"5.861",48,"6.029",49,48,"116.169",3649,"0.119",172,DONE,"1.00000",0,"2023-01-10T06:00:00.000+00:00",0,11135896,0,1,0,"search (earliest=""01/10/2023:06:00:00"" index=test_high_cardinality_compressed1 latest=""01/12/2023:22:00:00"") | spath actor.login",none,11135896,3649,11135896,"https://127.0.0.1:8089/services/search/jobs/1693145388.1346",400M,1,1,0,0,0,1,0,1,0,0,0,0,1,0,0,"earliest::01/10/2023:06:00:00 index::test_high_cardinality_compressed1 latest::01/12/2023:22:00:00","","2023-01-12T22:00:00.000+00:00","2.3458125","Your timerange was substituted based on your search string",1150000,1,1150000,"litsearch (index=test_high_cardinality_compressed1 earliest=""01/10/2023:06:00:00"" latest=""01/12/2023:22:00:00"") | spath actor.login | addinfo type=count label=prereport_events | fields keepcolorder=t ""actor.login"" ""prestats_reserved_*"" ""psrsvd_*"" | prestats count by ""actor.login""",49,"| search (earliest=""01/10/2023:06:00:00"" index=test_high_cardinality_compressed1 latest=""01/12/2023:22:00:00"") | spath actor.login | stats count by actor.login | export add_timestamp=f add_offset=t format=csv segmentation=raw","litsearch (index=test_high_cardinality_compressed1 _time>=1673330400.000 _time<1673560800.000) | spath  actor.login | addinfo  type=count label=prereport_events track_fieldmeta_events=true | fields  keepcolorder=t ""actor.login"" ""prestats_reserved_*"" ""psrsvd_*"" | prestats  count by ""actor.login""","stats  count by actor.login  | export  add_timestamp=f add_offset=t format=csv segmentation=raw | noop ",63427,11135896,3649,7164338,5,"","2023-08-27T14:09:48.000+00:00","sistats count by actor.login","litsearch (index=test_high_cardinality_compressed1 _time>=1673330400.000 _time<1673560800.000) | spath  actor.login | addinfo  type=count label=prereport_events track_fieldmeta_events=true | fields  keepcolorder=t ""actor.login"" ""prestats_reserved_*"" ""psrsvd_*"" | prestats  count by ""actor.login""","stats  count by actor.login | export  add_timestamp=f add_offset=t format=csv segmentation=raw","search index=test_high_cardinality_compressed1 earliest=""01/10/2023:06:00:00"" latest=""01/12/2023:22:00:00""  | spath actor.login  | stats count by actor.login",1180022,0,1180022,"121.543",0,0,1,0,11135896,"search index=test_high_cardinality_compressed1 earliest=""01/10/2023:06:00:00"" latest=""01/12/2023:22:00:00""  | spath actor.login  | stats count by actor.login | export add_timestamp=f add_offset=t format=csv segmentation=raw",11135896,3648,11135896,"72.85",11135896,3648,11135896,2,"0.017",2,2,2,2,2,2,11135896,3648,11135896,"1.518",11135896,3648,11135896,43,,,"2.106",43,,136,0,3649,"36.039",3648,11135896,3648,11135896,11135896,2,,,"31.236",912,3649,11135896,3648,11135896,3649,11135896,3648,11135896,0,"1673330400.000000000","1673560800.000000000","ip-172-31-15-178.ec2.internal",43,0,"dense-raw","1693145388.1346","ip-172-31-15-178.ec2.internal","0.016",2,"0.086",2,7164338,3650,0,0,1,0,7164338,3651,0,0,"search index=test_high_cardinality_compressed1 earliest=""01/10/2023:06:00:00"" latest=""01/12/2023:22:00:00""  | spath actor.login  | stats count by actor.login | export add_timestamp=f add_offset=t format=csv segmentation=raw",60,"2023-08-27T14:11:50.085+00:00"
